Name,mfcc,lpcc,formants,energy_mean,ener_var,spectral,asc,kurt,roll,skew,flat,ass,class
'aish_neutral_1_denoised.wav',1.036176561,-0.072340681,6462.226284,0.000167129,1.30E-07,0,6845.240054,6.489757509,12858.5,2.460032575,1.01E-07,5339.53444,7
'aa_neutral_1_edit.wav',0.848083794,0.084173421,7662.407945,4.77E-05,6.94E-09,0,7026.116835,6.042538226,13436.17042,2.272091635,9.39E-05,5172.078477,3
'aish_happy_1_denoised.wav',1.30643539,0.007768015,4686.637874,9.02E-06,0.000143631,0,7394.03281,6.624592159,12987.75,2.499830522,4.35E-06,5556.882679,6
'aish_happy_3_denoised.wav',1.355332699,0.027251716,4702.127156,5.64E-05,1.14E-09,0,7466.113814,8.641587645,13579.76804,2.745129779,3.15E-05,5597.789077,6
'aish_neutral_2_denoised.wav',1.174954206,-0.063297885,6964.040975,0.000216167,2.60E-07,0,7496.952602,8.325781801,13260.40101,2.740926131,3.13E-06,5472.821461,7
'deep_angry_4_denoised.wav',1.556311539,0.384399415,9805.657859,0.003945288,8.57E-05,1.75E-05,7535.579968,8.386288346,18411.5,5.075705497,0.010210117,6028.942526,5
'aa_sad_2_edit.wav',0.846096571,0.007175271,5582.693021,2.51E-05,5.78E-09,0,7538.348685,8.455793414,13768.5,2.736434198,4.28E-08,5533.3165,4
'aa_sad_3_edit.wav',0.923168191,0.012976944,5615.630315,3.71E-05,7.90E-09,0,7752.354754,8.746343181,13877.625,2.768097004,2.64E-06,5536.028982,4
'deep_angry_7_denoised.wav',1.579760193,0.393386672,9879.559038,0.004137783,0.000102944,2.08E-05,7824.272742,9.326556146,18437.125,5.466021715,0.011449622,6085.488179,5
'aish_neutral_3_denoised.wav',1.186513148,0.01905558,7537.095235,0.000302478,6.29E-07,0,7868.61795,15.92081608,13766.19074,3.587968835,4.27E-05,5564.04433,7
'aa_neutral_3_edit.wav',0.871236835,0.086756042,8035.276834,0.0001223,9.60E-08,0,7913.650818,6.156021758,13795.875,2.272231442,0.000128096,5467.372646,3
'yamiangry1_denoised.wav',2.12602933,0.534771735,12392.89757,0.014051764,0.000997431,0.000126785,7919.309333,10.27922397,20507.75,9.10139385,0.044465153,6453.352275,5
'aish_sad_1_denoised.wav',1.041772831,0.001335994,5750.164613,6.10E-05,2.52E-08,5.57E-06,7951.038168,7.972819619,13509.5,2.625388916,1.25E-10,5425.960488,8
'aish_happy_4_denoised.wav',1.358437973,0.068424359,7560.973409,7.18E-05,1.07E-08,0,7987.519417,9.652664227,13616.25,2.949460108,3.62E-05,5639.801684,6
'aish_sad_2_denoised.wav',1.111573536,0.034972703,7040.774441,0.000143518,2.77E-07,0,8069.423067,8.018330686,14158,2.640333038,1.95E-05,5546.53587,8
'aa_sad_4_edit.wav',0.9412228,0.03578898,6163.109511,3.78E-05,9.76E-09,0,8137.184947,9.233855354,13928.75,2.770478603,7.82E-06,5536.880017,4
'aa_neutral_4_edit.wav',0.904673068,0.096615313,8077.10303,0.000176004,1.45E-07,0,8175.995826,8.084381862,14241,2.56247487,0.001269905,5591.561561,3
'aish_happy_5_denoised.wav',1.370666667,0.073502709,7890.711318,0.000228513,1.18E-08,0,8203.392798,10.26905771,13977.36175,2.968470195,6.66E-05,5654.708971,6
'aish_sad_3_denoised.wav',1.201757152,0.065080574,7676.92001,0.000225726,4.86E-07,0,8205.589267,10.20995638,14521.5,2.997587622,2.48E-05,5554.850912,8
'ak_sad_1_edit.wav',1.018939956,0.053429293,6517.172502,6.37E-05,3.11E-08,0,8312.780832,10.0297514,14264,2.791863297,1.20E-05,5573.493372,4
'aish_neutral_4_denoised.wav',1.194170381,0.074172455,7682.210429,0.000336837,7.03E-07,5.38E-07,8390.088299,16.96794007,13993.125,3.748881556,0.000111397,5565.32694,7
'ak_happy_1_edit.wav',1.205922134,-0.003503396,7818.680566,0.000162389,0.000187836,0,8399.088305,7.988830469,14403.65203,2.701988274,0.000226671,5567.263657,2
'aish_sad_4_denoised.wav',1.204488242,0.105655448,7804.485224,0.000352802,7.39E-07,0,8501.515533,12.25283595,14841.375,3.135318125,3.21E-05,5555.64589,8
'ak_sad_2_edit.wav',1.041533429,0.058783662,7584.009645,8.70E-05,4.44E-08,0,8616.430913,10.49798167,14419.25,2.847253226,1.69E-05,5616.244969,4
'mad_anger_6_denoised.wav',1.84073651,0.474106865,11647.93756,0.009563288,0.000615534,5.35E-05,8687.098985,11.19976501,19640.375,6.897092275,0.026434588,6315.304943,5
'ak_sad_3_edit.wav',1.065486555,0.084648034,7644.417879,9.76E-05,7.58E-08,0,8690.802731,10.66515572,15089.5,2.970200463,4.67E-05,5618.137105,4
'anushkahappy1_denoised.wav',1.425766761,0.108074024,7900.934967,0.000233784,9.92E-08,0,8742.059774,14.80284907,14005.25388,3.199927495,7.98E-05,5662.208733,6
'aish_neutral_5_denoised.wav',1.21388361,0.076677357,7911.60899,0.000434359,9.71E-07,7.24E-07,8742.153041,18.18518846,14772.25,3.836281817,0.000112326,5584.208424,7
'aish_sad_5_denoised.wav',1.223581087,0.128118803,7822.132031,0.000459614,7.46E-07,0,8772.237313,12.96517877,15293.25,3.365245035,7.29E-05,5559.391894,8
'anushkahappy2_denoised.wav',1.429609169,0.164209986,7993.173381,0.000239631,5.12E-07,0,8780.473232,15.29063501,14913.25,3.471866984,0.000127368,5671.455096,6
'aa_neutral_5_edit.wav',0.905433001,0.110788993,8462.821238,0.000838291,2.81E-06,0,8781.332694,8.728719418,14588.75,2.69275625,0.001446065,5606.24699,3
'aish_neutral_6_denoised.wav',1.240390829,0.151128801,7970.38328,0.000445382,1.15E-06,7.46E-07,8787.383392,19.30239527,15065.65614,4.090768555,0.000117074,5630.272258,7
'ak_neutral_1_edit.wav',0.930191431,0.116693104,8506.558487,0.00095567,3.44E-06,0,8791.926529,8.893153145,14685.62168,2.720507526,0.003411719,5622.007335,3
'anushkahappy3_denoised.wav',1.445328797,0.225857276,8061.606737,0.000271956,7.29E-07,0,8812.387184,15.96100968,14937.5,3.494719594,0.000226679,5676.722214,6
'kare_anger_2_denoised.wav',1.694029842,0.443137188,10553.21332,0.00485249,0.000124482,3.35E-05,8874.205328,11.41076846,19286.75,6.257614202,0.016789186,6243.050992,5
'ak_sad_4_edit.wav',1.09240656,0.111144689,8234.54826,0.000129265,1.00E-07,0,8880.452213,11.10594229,15340.688,3.04093693,0.000117216,5661.503562,4
'aa_anger_1_edit.wav',0.74568953,-0.027230378,5782.307671,7.73E-05,1.81E-08,0,8883.36817,5.201005104,15821.75,2.156268322,0.000270592,5312.737593,1
'deep_angry_5_denoised.wav',1.574308122,0.385214298,9855.509265,0.003954187,8.90E-05,1.85E-05,8887.219878,12.03607935,18411.5,5.228846905,0.010613165,6052.949103,5
'anushkahappy4_denoised.wav',1.445480704,0.271415152,8093.585243,0.000695747,8.05E-07,0,8891.290042,16.17751876,15299.625,3.514103922,0.000252595,5684.677406,6
'aish_neutral_7_denoised.wav',1.3138276,0.156829743,8019.136846,0.000584124,2.17E-06,1.41E-06,8913.135607,19.94674801,15097.14359,4.103519044,0.00014971,5649.493412,7
'aish_sad_6_denoised.wav',1.226398336,0.131201232,7841.81994,0.000469785,8.99E-07,0,8961.377335,15.78826899,15301.49777,3.472691603,8.98E-05,5568.446725,8
'aa_anger_2_edit.wav',0.792289128,-0.009318257,6310.448478,0.000171257,7.88E-08,0,8966.650691,6.312220575,15965.125,2.352569994,0.000321946,5348.375415,1
'Kickangry6_denoised.wav',1.271607128,0.190497806,8001.706643,0.001041226,3.24E-06,9.10E-07,8970.585059,12.21078605,15216.62763,3.020379653,0.000423085,5671.368698,5
'ak_sad_5_edit.wav',1.174763999,0.113580822,8329.446893,0.000139774,1.88E-07,3.10E-08,8987.825916,15.72692758,15460,3.664999341,0.000199769,5669.985767,4
'anushka_sad1_denoised.wav',1.284544472,0.146634626,8126.679988,0.00049313,9.61E-07,0,9019.903403,16.84807703,15489.49381,3.638126881,0.000256775,5592.019464,8
'ak_neutral_2_edit.wav',0.930906333,0.117538421,8520.590375,0.00121462,3.51E-06,8.87E-09,9027.408268,9.027137372,15469.125,2.747060961,0.004042388,5625.129841,3
'anushkaneutral1_denoised.wav',1.323200505,0.159127149,8102.241372,0.000851071,3.53E-06,2.72E-06,9056.858913,20.85768267,15308.25,4.116039811,0.000473556,5665.866964,7
'anushkaneutral2_denoised.wav',1.328467114,0.170805994,8307.205727,0.000959867,3.64E-06,5.11E-06,9068.835571,23.16305626,15502.375,4.157973172,0.000752959,5675.829566,7
'anushkaneutral3_denoised.wav',1.352128494,0.178389408,8367.442095,0.001017548,4.72E-06,5.16E-06,9095.847355,25.54031668,15577.00552,4.267760405,0.00078221,5700.002317,7
'deep_happy_1_denoised.wav',1.452291384,0.299767747,8401.280977,0.000716241,2.53E-06,0,9111.35511,17.98375742,15506.375,3.674868938,0.00026505,5685.070514,6
'deep_happy_2_denoised.wav',1.476074201,0.30388911,8500.126934,0.000748958,2.59E-06,0,9120.901913,18.46342252,15571.85031,3.769180108,0.000271087,5696.420758,6
'amitab_sad1_denoised.wav',1.20224083,0.122738711,8592.334145,0.00016691,2.59E-07,4.50E-08,9120.924024,18.92141902,15757.625,3.723631193,0.000766194,5701.203527,4
'ak_neutral_3_edit.wav',0.961372309,0.118851697,8650.720923,0.001261283,5.09E-06,1.74E-08,9128.440497,9.42733225,15543.20292,2.770414357,0.004463497,5663.764694,3
'anushkaneutral4_denoised.wav',1.356147412,0.193778186,8428.795511,0.001103868,5.02E-06,5.27E-06,9143.655243,28.92545713,15694,4.301754907,0.000790712,5710.329132,7
'ak_happy_2_edit.wav',1.237374801,0.115841956,8080.377434,0.000192834,1.28E-07,0,9151.900149,7.988830469,14403.65203,2.701988274,0.000906379,5642.129619,2
'ak_happy_3_edit.wav',1.278057312,0.115841956,8243.85063,0.000340294,2.33E-07,0,9151.900149,8.323654004,14424.125,2.793325126,0.001929452,5670.193028,2
'ak_neutral_4_edit.wav',0.969784131,0.12162479,8750.141176,0.001367659,5.89E-06,2.08E-08,9172.789264,10.2045794,15628.5,2.774003451,0.005069464,5679.049251,3
'ak_neutral_5_edit.wav',0.982108825,0.122266131,8978.116287,0.001479606,5.98E-06,2.32E-08,9175.149162,10.36208664,15757.875,2.86810934,0.006364205,5689.61679,3
'aish_anger_4_denoised.wav',1.361984044,0.278150674,8501.596139,0.001392938,5.38E-06,5.00E-06,9203.813382,12.37492788,16615.43673,3.157200369,0.001992129,5778.425239,5
'anushkaneutral5_denoised.wav',1.391894694,0.205001116,8647.056987,0.001267434,8.71E-06,5.33E-06,9211.369177,33.61145276,16141.42465,4.952595148,0.000806537,5734.046003,7
'amitab_sad2_denoised.wav',1.222289892,0.124739015,8823.552734,0.000203053,2.90E-07,6.15E-08,9244.05037,19.06639691,15768.67752,3.956969544,0.000777904,5720.334935,4
'ak_happy_4_edit.wav',1.300177199,0.1296292,8264.705643,0.000419278,1.07E-06,0,9321.994137,8.323654004,14438.875,2.793325126,0.001929452,5670.193028,2
'deep_happy_3_denoised.wav',1.490243621,0.306979012,8652.662891,0.000748983,3.36E-06,3.27E-06,9341.714984,19.37745239,16067.92651,3.804076854,0.000346066,5705.770527,6
'amitab_neutral1_denoised.wav',0.987875231,0.131606488,9317.49603,0.001541452,6.31E-06,2.79E-08,9347.197995,11.5675163,15834,2.971585063,0.006793123,5716.472549,3
'amitab_neutral2_denoised.wav',0.988478762,0.133604032,9633.737743,0.001596802,6.34E-06,3.99E-08,9373.854863,11.65572916,15846.375,3.161115691,0.007559226,5808.355632,3
'anushka_sad2_denoised.wav',1.311192763,0.153922864,8316.240155,0.00050271,1.49E-06,0,9393.126509,18.29806668,15730.25,3.665999482,0.000838953,5603.013079,8
'deep_happy_4_denoised.wav',1.497992227,0.314746133,8700.448744,0.000755077,3.50E-06,3.33E-06,9395.477326,19.5627427,16182.5,3.997793931,0.000365555,5722.810714,6
'amitab_sad3_denoised.wav',1.226860569,0.130949573,9261.671851,0.000327297,5.01E-07,6.26E-08,9402.730913,20.75232645,16042.75,3.987131801,0.000801519,5738.523047,4
'deep_happy_5_denoised.wav',1.526302276,0.315995412,8884.386884,0.000888298,3.54E-06,3.98E-06,9419.335897,19.96043599,16248.25,4.130937404,0.00048722,5777.21715,6
'amitab_sad5_denoised.wav',1.264439059,0.131495725,9647.069368,0.000344257,7.10E-07,6.27E-08,9441.815822,21.01370164,16442.7006,4.022319592,0.001129103,5740.556961,4
'amitab_neutral3_denoised.wav',1.067732508,0.137340899,9714.355406,0.0016242,7.75E-06,4.15E-08,9442.546739,15.25596138,15916.375,3.451066675,0.007782407,5809.742872,3
'deep_neutral_1_denoised.wav',1.417789827,0.271449167,8711.290719,0.001545467,9.67E-06,7.11E-06,9454.523336,33.70219393,16285.06052,4.975145267,0.000851782,5761.766903,7
'amitab_sad6_denoised.wav',1.2810106,0.13209234,9675.622293,0.000388852,1.08E-06,8.10E-08,9456.880926,21.11130982,16556.875,4.031144727,0.001143663,5776.371236,4
'amitab_neutral4_denoised.wav',1.078436877,0.143334163,9895.033845,0.001656685,7.82E-06,4.67E-08,9461.553955,15.51430777,15976.5,3.470109397,0.00836403,5814.390621,3
'happy_10_denoised_denoised.wav',1.55598684,0.31825852,8893.948335,0.000967968,4.52E-06,4.43E-06,9463.064379,21.59786876,16692.25,4.13369861,0.000579749,5794.757144,6
'aa_anger_3_edit.wav',0.803815147,0.06833801,8180.67403,0.00027047,2.23E-07,0,9480.60647,6.465622835,16274.875,2.651390188,0.00096521,5550.96155,1
'aa_anger_4_edit.wav',0.840427832,0.074821162,8378.821149,0.000276683,2.68E-07,0,9496.204613,8.687809906,16387.66582,2.689743013,0.00128794,5593.45652,1
'mad_anger_2_denoised.wav',1.762739488,0.448214749,11408.70231,0.005385271,0.000220326,4.67E-05,9525.899693,15.16532887,19369.42437,6.50028592,0.018683012,6260.479153,5
'aa_anger_5_edit.wav',0.89282558,0.080878442,8496.558867,0.000284045,3.32E-07,0,9528.920639,8.743825689,16500.625,2.828773138,0.006036273,5771.469432,1
'deep_neutral_2_denoised.wav',1.428655839,0.287061915,8798.321382,0.001614299,1.27E-05,7.35E-06,9536.221901,35.64954268,16361.30504,5.06956422,0.000950828,5762.807913,7
'ak_happy_5_edit.wav',1.307358573,0.1296292,8290.938514,0.000419278,1.07E-06,2.21E-08,9560.029875,8.943767685,15564.40484,2.886896698,0.002411626,5671.530786,2
'ak_anger_1_edit.wav',0.93260609,0.115485562,8505.118506,0.000427071,3.75E-07,0,9578.684702,9.927679586,16706.25,2.857368368,0.006784822,5846.446155,1
'anushka_sad3_denoised.wav',1.316272289,0.156077602,8403.582935,0.00050708,2.37E-06,0,9583.523966,20.00194253,15971.625,3.918823852,0.0009021,5632.922939,8
'anushka_anger5_denoised.wav',1.528508337,0.367695792,9654.461692,0.003326511,4.25E-05,1.03E-05,9588.575041,15.28035294,18219.86563,4.554862287,0.007370319,5984.275183,5
'amitab_funny1_denoised.wav',1.320943829,0.134037152,8290.938514,0.000519476,1.21E-06,2.21E-08,9590.7925,8.943767685,15564.40484,2.886896698,0.002580231,5671.530786,2
'anushka_sad4_denoised.wav',1.348552955,0.184850432,8564.163093,0.000521941,2.40E-06,0,9597.543684,20.6841553,16151.75,3.973092273,0.001064443,5644.413953,8
'anushka_sad5_denoised.wav',1.364900281,0.201269384,8672.518887,0.000723244,2.69E-06,0,9612.401213,20.78933617,16294.97363,4.047016843,0.001428364,5647.499064,8
'deep_neutral_3_denoised.wav',1.455506096,0.302414169,8820.391656,0.001687243,1.63E-05,8.78E-06,9624.515725,36.06666398,16489.86927,5.10995088,0.000986093,5773.756261,7
'deep_sad_1_denoised.wav',1.412468177,0.214720567,8951.592687,0.000789781,2.86E-06,1.47E-06,9651.168645,21.53551267,16403.375,4.083000072,0.001502484,5653.137364,8
'amitab_neutral5_denoised.wav',1.092882353,0.147418149,9911.717216,0.001705623,8.66E-06,4.70E-08,9666.761623,15.58848376,15992.09881,3.478699079,0.00942942,5841.760162,3
'deep_neutral_4_denoised.wav',1.480785805,0.320528822,8860.908544,0.001929788,1.90E-05,1.01E-05,9669.739147,36.4837903,16491.5,5.161394917,0.001095485,5782.354816,7
'an_neutral_1_edit.wav',1.122851282,0.154052278,10213.7399,0.001929969,1.07E-05,5.08E-08,9695.113963,15.59388642,16336.125,3.492501687,0.009785126,5843.086143,3
'ak_anger_2_edit.wav',0.938608025,0.11711435,8766.057671,0.000442763,4.28E-07,0,9724.416477,10.7026175,16730.14506,2.937023777,0.009544846,5877.068578,1
'happy_11_denoised_denoised.wav',1.577071817,0.325760234,8974.411201,0.001345253,5.49E-06,4.87E-06,9728.610935,22.88149805,16707.33304,4.203258566,0.000661965,5809.26762,6
'amitab_funny2_denoised.wav',1.366300074,0.134037152,8360.687268,0.000519476,1.55E-06,4.39E-08,9731.043641,10.26466961,15772,2.913999005,0.002580231,5672.443974,2
'amitab_funny3_denoised_denoised.wav',1.375043084,0.134180485,8966.197935,0.000720044,1.55E-06,4.39E-08,9731.208076,10.60615124,15871.86592,2.913999005,0.003200469,5794.765928,2
'an_happy_1_edit.wav',1.383758891,0.143592424,9137.175612,0.000720044,2.49E-06,5.15E-08,9736.182296,10.60615124,16256.25,3.018656572,0.003283639,5818.349005,2
'an_happy_2_edit.wav',1.391094299,0.143592424,9192.287115,0.000808691,3.21E-06,5.22E-08,9736.182296,11.05110742,16256.25,3.037540078,0.00396117,5818.349005,2
'gv_sad_1_edit.wav',1.306850252,0.144825253,9866.43524,0.000396257,1.24E-06,8.63E-08,9743.17312,21.5445105,16675.5,4.071291376,0.001167641,5794.545456,4
'deep_neutral_5_denoised.wav',1.481705692,0.327625905,8889.628628,0.001945214,2.16E-05,1.10E-05,9747.227011,39.04863432,16535.46133,5.237604644,0.001269041,5785.761341,7
'deep_neutral_6_denoised.wav',1.493512202,0.332583471,8912.7163,0.001950001,2.35E-05,1.14E-05,9767.884645,39.14933256,16587,5.469975856,0.001463421,5816.935608,7
'deep_sad_2_denoised.wav',1.432426036,0.256326858,8953.034072,0.000870783,3.10E-06,1.48E-06,9769.529618,21.74599469,16562,4.216774943,0.001589192,5723.008465,8
'an_neutral_2_edit.wav',1.130016615,0.156965864,10216.35872,0.001955762,1.09E-05,5.15E-08,9778.068568,18.42736929,16506.78191,3.698876857,0.011005668,5862.942961,3
'kajolneutral2_denoised.wav',1.513706854,0.333099289,8953.847602,0.002066761,2.52E-05,1.15E-05,9797.813655,40.43996869,16633.375,5.491935757,0.001621051,5859.076748,7
'kajolneutral3_denoised.wav',1.535424284,0.340617283,9050.927596,0.002203631,2.57E-05,1.21E-05,9814.349367,41.27577023,16666.1585,5.533909399,0.001995462,5913.756551,7
'kajolneutral4_denoised.wav',1.547876453,0.343147294,9153.086418,0.002266468,2.73E-05,1.24E-05,9833.337983,41.60787329,16895.42877,5.558738772,0.002175986,5931.231029,7
'an_happy_3_edit.wav',1.392879411,0.144076054,9289.103746,0.000907737,3.33E-06,5.22E-08,9847.990859,11.05110742,16333.875,3.050553366,0.004027399,5822.931372,2
'an_happy_4_edit.wav',1.41492739,0.154640536,9397.544682,0.000980243,3.33E-06,6.68E-08,9853.694954,11.68941566,16333.875,3.050553366,0.006454598,5858.426631,2
'happydo.wav',1.415910475,0.164027258,9534.402216,0.001007471,5.23E-06,6.68E-08,9853.694954,11.68941566,16876.75,3.066949667,0.007199152,5858.426631,2
'gv_sad_2_edit.wav',1.333006899,0.145472378,9900.69654,0.000583321,1.47E-06,9.35E-08,9875.384779,21.7732765,16865.375,4.079422552,0.002394681,5815.669402,4
'ak_anger_3_edit.wav',0.951694437,0.117557867,8909.364765,0.000447096,6.30E-07,0,9879.679556,10.76052787,16880.375,2.969145045,0.011575941,5962.567265,1
'an_neutral_3_edit.wav',1.131571376,0.157588153,10564.87165,0.001992141,1.56E-05,5.27E-08,9894.052322,19.97869004,16611.5,4.022031478,0.011685896,5875.297292,3
'anushka_anger4_denoised.wav',1.527583214,0.358539137,9593.062751,0.003321565,3.91E-05,1.02E-05,9917.370697,15.28035294,18180.47919,4.406269096,0.006898862,5981.778615,5
'happy_12_denoised_denoised.wav',1.588531858,0.325947604,8979.313231,0.001510763,7.68E-06,5.04E-06,9918.609755,23.51538465,16760.375,4.378066668,0.000760324,5815.464954,6
'kajolneutral5_denoised.wav',1.618664033,0.343505779,9160.480598,0.002422181,3.35E-05,1.26E-05,9920.24924,42.92413672,16913.75,5.583444834,0.002482524,5940.061446,7
'deep_sad_3_denoised.wav',1.455622982,0.260630295,9026.937823,0.000910058,3.71E-06,1.60E-06,9924.468336,24.11777729,16585.37538,4.228400065,0.001631112,5735.801302,8
'deep_sad_4_denoised.wav',1.488576085,0.276178587,9052.643841,0.000946678,4.20E-06,1.80E-06,9930.518845,24.5637984,16795.25,4.258901181,0.001667059,5740.095137,8
'ak_anger_4_edit.wav',1.012638675,0.117695021,9020.569808,0.000464852,8.13E-07,0,9955.175063,11.06911043,17185.0116,3.018945515,0.014530825,5972.145717,1
'gv_sad_3_edit.wav',1.337503138,0.150132085,9985.822217,0.000596732,1.69E-06,1.00E-07,9958.985041,22.23241044,17057.75,4.158267184,0.002465817,5850.152739,4
'an_neutral_4_edit.wav',1.137930219,0.158141426,10792.27637,0.00235148,1.74E-05,5.28E-08,9979.583388,21.12944046,16798.75,4.022184355,0.013305385,5878.545412,3
'kangana_neutral1_denoised.wav',1.646204691,0.343570335,9331.091283,0.002430995,3.65E-05,1.35E-05,9981.205598,43.83094093,16917.875,5.651128869,0.0033197,5947.567842,7
'happy_13_denoised_denoised.wav',1.599396083,0.326115706,9118.706533,0.001558257,8.08E-06,5.29E-06,10017.32113,24.76823839,16899.72229,4.535724239,0.000856442,5838.096911,6
'ak_anger_5_edit.wav',1.017652996,0.118068796,9059.311691,0.000609638,1.85E-06,0,10040.62889,11.30990137,17264.75,3.12366723,0.016386958,5977.042756,1
'gv_sad_4_edit.wav',1.351281421,0.155644364,10102.76616,0.000625922,1.73E-06,1.36E-07,10041.45544,24.0461976,17079,4.253241646,0.002558203,5850.888919,4
'happydo1.wav',1.420802614,0.172740153,9757.673705,0.001124776,5.23E-06,7.62E-08,10042.33245,12.41273331,17008.25,3.066949667,0.008706476,5872.538629,2
'an_neutral_5_edit.wav',1.158151887,0.162608136,10795.52536,0.002354573,1.76E-05,5.33E-08,10046.45293,21.21239709,17008.75,4.086502296,0.018163721,5889.593757,3
'kangana_neutral3_denoised.wav',1.646608409,0.351380011,9544.233416,0.002481242,3.74E-05,1.39E-05,10064.56703,44.07865232,16973.95727,5.667320928,0.004021826,5975.96013,7
'hr_happy_1_edit.wav',1.445849187,0.172740153,9954.716825,0.001124776,5.42E-06,1.19E-07,10079.51526,12.51286184,17121.375,3.101277043,0.00959016,5875.691511,2
'hr_happy_3_edit.wav',1.521647954,0.174167439,10017.50455,0.001167004,5.42E-06,1.19E-07,10079.51526,12.51286184,17121.375,3.187606795,0.012752185,5883.229697,2
'happy_14_denoised_denoised.wav',1.667282166,0.331572172,9260.488873,0.001571775,1.08E-05,6.13E-06,10090.14603,25.77100891,17067.73935,4.560482529,0.001040178,5838.729589,6
'kajol_sad1_denoised.wav',1.524547279,0.283002352,9087.642357,0.000985931,5.33E-06,2.82E-06,10098.21039,24.92661943,16851.375,4.499767143,0.001734354,5742.017416,8
'anushka_anger1_denoised.wav',1.471402445,0.33339255,9408.992953,0.003116,2.92E-05,8.70E-06,10104.37302,15.34300198,17721,4.027654183,0.006570532,5962.845831,5
'kangana_neutral4_denoised.wav',1.651466403,0.352796128,9630.038873,0.002506947,4.13E-05,1.49E-05,10104.68078,45.05760512,17009.375,5.823717856,0.004833724,5978.938446,7
'kangana_anger5_denoised.wav',1.663449897,0.401347835,10412.59733,0.004634699,0.000110306,2.69E-05,10113.7558,15.51257507,19181.75,5.698906878,0.015883019,6172.102623,5
'kajol_sad2_denoised.wav',1.533349115,0.296739661,9127.059774,0.001004726,6.02E-06,3.70E-06,10130.35324,26.91218711,16964.29945,4.537673432,0.001940878,5752.586221,8
'kangana_neutral5_denoised.wav',1.677980721,0.353612144,9646.49297,0.00268739,4.29E-05,1.75E-05,10148.20717,46.39474905,17044.75,5.852634709,0.007128015,6011.609385,7
'kajol_sad3_denoised.wav',1.542242215,0.297585989,9187.202388,0.001149491,7.00E-06,5.35E-06,10156.72698,27.31887664,17112.5,4.552178184,0.002254321,5772.381249,8
'amitab_angry1_denoised.wav',1.085970407,0.122019033,9310.774169,0.000849803,2.34E-06,0,10156.87014,12.06087372,17337.81167,3.139938441,0.01820282,6003.44265,1
'gv_neutral_1_edit.wav',1.190400975,0.163267624,10953.69473,0.002365507,2.04E-05,5.62E-08,10179.35851,21.86946664,17011,4.09882058,0.018464954,5895.824437,3
'amitabangry2_denoised.wav',1.094531836,0.125899221,9330.809665,0.000911851,2.55E-06,0,10180.21999,12.50041991,17394.5,3.152164476,0.019966715,6004.311401,1
'amitabangry3_denoised.wav',1.181300399,0.127085627,9452.964277,0.001091945,3.12E-06,0,10184.09299,12.89416845,17660.22712,3.186445433,0.021087681,6017.723784,1
'gv_neutral_2_edit.wav',1.225775466,0.174922516,10994.17815,0.002379919,2.62E-05,5.73E-08,10184.2617,24.63931027,17026.48458,4.219141008,0.021617115,5966.703861,3
'gv_neutral_3_edit.wav',1.235844226,0.178188068,11321.86329,0.002569769,2.65E-05,6.11E-08,10192.0992,26.65021111,17264.875,4.485181579,0.025772384,6019.479025,3
'Kickangry5_denoised.wav',1.208676268,0.186611072,6287.145207,0.001022931,3.09E-06,0,10196.70241,16.22342977,15058.5,3.020379653,0.00014712,5668.193659,5
'kangana_neutral_2_denoised.wav',1.681981775,0.362955327,9736.527684,0.002980546,4.33E-05,1.96E-05,10201.38072,46.8087306,17093.25,5.88568388,0.007532444,6021.110377,7
'amitabangry4_denoised.wav',1.218805735,0.127379029,9893.433817,0.001270556,3.55E-06,1.84E-08,10205.07299,12.9987539,17862.44434,3.188053431,0.024821951,6029.712666,1
'kare_neutral_1_denoised.wav',1.699983351,0.370679489,9818.009262,0.003043334,4.54E-05,2.02E-05,10218.92115,47.20639649,17097.98295,5.924404471,0.007743077,6081.111039,7
'happy_15_denoised_denoised.wav',1.693248068,0.341259678,9282.018146,0.001655082,1.11E-05,6.20E-06,10224.39233,26.55372099,17090.84427,4.581504013,0.001198352,5872.185616,6
'kare_neutral_2_denoised.wav',1.748867193,0.377835825,9821.352159,0.00321792,4.56E-05,2.10E-05,10225.02179,47.88809301,17441.75,6.080072666,0.008589907,6138.18362,7
'happy_16_denoised_denoised.wav',1.694037028,0.342278204,9371.377408,0.001684472,1.27E-05,7.52E-06,10230.77967,27.32062541,17140.26656,4.651641566,0.001548728,5877.29029,6
'kajolneutral1_denoised.wav',1.562799439,0.311262082,9208.817171,0.001251099,7.82E-06,5.89E-06,10250.64926,27.57142851,17167.59647,4.648959586,0.002783144,5793.897122,8
'kare_neutral_3_denoised.wav',1.756126014,0.416819639,9991.482763,0.003352476,4.91E-05,2.39E-05,10260.70326,49.9231396,17546,6.138586915,0.009049092,6162.09895,7
'gv_sad_5_edit.wav',1.382403506,0.158472962,10595.83807,0.00064321,2.02E-06,1.37E-07,10262.13269,24.04687319,17440.25,4.270481162,0.003041215,5894.086945,4
'gv_neutral_4_edit.wav',1.337479662,0.179031261,11369.10952,0.002836375,4.60E-05,6.16E-08,10265.1665,26.92913286,17822.88181,4.61676941,0.027992367,6035.125627,3
'kare_neutral_4_denoised.wav',1.771526077,0.421769466,10047.52954,0.00346096,5.02E-05,2.41E-05,10266.38787,50.85499568,17745.66433,6.152451792,0.010874036,6171.677538,7
'kare_neutral_5_denoised.wav',1.786329437,0.42586236,10070.82235,0.003842412,5.27E-05,2.63E-05,10269.92182,51.42806422,17833.5,6.219799259,0.010890208,6185.972158,7
'kare_neutral_6_denoised.wav',1.850105742,0.448491915,10229.42952,0.00392636,6.81E-05,2.66E-05,10288.82743,52.28819075,17989.75,6.30396668,0.012211141,6198.256957,7
'amitabangry5_denoised.wav',1.24454525,0.133655889,9994.980354,0.001339952,3.90E-06,2.40E-08,10291.0802,13.18137619,17914.625,3.26461068,0.025114113,6078.42789,1
'kangana_anger3_denoised.wav',1.645433712,0.395888426,10120.13791,0.004326915,0.000108003,2.26E-05,10312.27974,16.81173923,18828,5.667909992,0.014771968,6116.501177,5
'happy_17_denoised_denoised.wav',1.703138728,0.3507478,9434.592816,0.001692435,1.38E-05,7.76E-06,10312.45172,28.80321347,17161.89244,4.686535657,0.001781426,5878.947859,6
'kangana_sad1_denoised.wav',1.570023056,0.313574498,9241.099051,0.001320728,9.12E-06,7.34E-06,10345.36138,27.62290977,17335.125,4.76913299,0.002890828,5796.401964,8
'kangana_sad5_denoised.wav',1.573234047,0.31392355,9333.895887,0.001324431,1.11E-05,8.41E-06,10350.29843,28.40465589,17340.79748,4.840841289,0.002968339,5815.41759,8
'happy_18_denoised_denoised.wav',1.739483521,0.387131381,9539.755923,0.001757857,1.45E-05,8.00E-06,10366.1383,30.61144171,17454.71585,4.715147431,0.001811106,5905.107743,6
'kangana_angry2_denoised.wav',1.667684072,0.40995217,10473.20625,0.004657272,0.000111213,3.16E-05,10387.71625,18.70551446,19239.375,5.751753885,0.01622019,6219.841463,5
'anger1.wav',1.396486844,0.305149177,8680.953681,0.002320988,8.04E-06,5.75E-06,10390.10131,22.79932185,16957,3.506790678,0.002480712,5915.795106,5
'hr_happy_4_edit.wav',1.523904155,0.174167439,10017.50455,0.001230756,5.97E-06,1.28E-07,10420.93899,12.78314207,17476.25,3.295419244,0.015634448,5883.229697,2
'an_anger_1_edit.wav',1.267854863,0.144784039,10000.60274,0.0013479,5.65E-06,2.65E-08,10429.42434,13.21619354,17966.75,3.288325788,0.025439026,6083.997951,1
'yamiangry5_denoised.wav',2.955579279,0.622299304,13518.57488,0.02212859,0.002339478,0.000251677,10437.52057,23.31367601,21618.125,10.41291417,0.110844404,6618.478224,5
'kare_neutral_7_denoised.wav',1.866530928,0.457850274,10580.3131,0.004099653,8.33E-05,2.71E-05,10445.30959,59.68312941,18022.625,6.389619228,0.01392158,6257.857137,7
'happy_1_denoised_denoised.wav',1.803738989,0.388174684,9570.249825,0.001840489,1.50E-05,8.53E-06,10456.93736,31.17302161,17737.82853,4.860498458,0.002067243,5962.141423,6
'kanganasad2_denoised.wav',1.581695889,0.331193173,9380.285548,0.001353883,1.15E-05,8.63E-06,10461.19103,30.24464981,17402.11968,4.932602473,0.003011595,5829.529295,8
'happy_2_denoised_denoised.wav',1.832097418,0.394060166,9635.683416,0.001870663,1.56E-05,8.68E-06,10471.93997,31.61339046,17957.125,4.935265058,0.002108684,5977.686617,6
'an_anger_2_edit.wav',1.305015571,0.154285539,10523.73694,0.001387475,6.34E-06,3.00E-08,10476.57409,13.22788776,18097.6691,3.295027094,0.025923694,6085.592454,1
'an_anger_3_edit.wav',1.325574218,0.156572456,10609.87623,0.001509138,9.27E-06,4.52E-08,10478.08926,13.45927648,18133.39302,3.322256325,0.027570848,6102.51111,1
'happy_3_denoised_denoised.wav',1.892303054,0.396496173,9660.327278,0.001893789,1.63E-05,8.73E-06,10483.56614,36.89076607,18184.62953,5.159127694,0.002336101,5988.710492,6
'an_anger_4_edit.wav',1.329079298,0.160585574,10673.48192,0.0015398,9.65E-06,4.86E-08,10494.45784,13.53270115,18189.25,3.355083442,0.028448591,6108.229996,1
'hr_sad_1_edit.wav',1.419766447,0.161202875,10703.13537,0.000644375,2.35E-06,1.64E-07,10515.65367,25.04227219,17514.125,4.335954809,0.003651926,5895.673507,4
'happy_4_denoised_denoised.wav',1.920612487,0.401344594,9785.765028,0.001904479,1.74E-05,8.77E-06,10528.18472,37.96542045,18379,5.191025982,0.003110828,5995.092023,6
'kare_neutral_8_denoised.wav',1.904098685,0.46950586,10640.45315,0.004123355,8.54E-05,2.82E-05,10532.79559,62.14608459,18101.36598,6.729676406,0.016859451,6260.037065,7
'gv_neutral_5_edit.wav',1.348680978,0.182865043,11511.00854,0.002883574,4.63E-05,7.31E-08,10549.00553,27.49187418,17835.44761,4.627638389,0.032864201,6042.181035,3
'an_anger_5_edit.wav',1.37564889,0.160925329,10710.27227,0.001642485,9.92E-06,5.02E-08,10549.46,14.58807501,18221.59068,3.389062007,0.030639665,6116.673247,1
'gv_anger_1_edit.wav',1.40062026,0.163642525,10871.50911,0.001709109,1.13E-05,5.33E-08,10551.09048,14.86535155,18241.875,3.397706654,0.03231517,6134.798148,1
'happy_5_denoised_denoised.wav',1.938908628,0.405877412,9805.43339,0.00190764,1.82E-05,8.79E-06,10561.87786,38.56334726,18521.28402,5.269779348,0.003960097,6040.278266,6
'happy_6_denoised_denoised.wav',1.974490227,0.409575412,9982.892365,0.001949795,2.23E-05,9.31E-06,10565.64494,38.84924502,18533.625,5.354061488,0.004043051,6043.729604,6
'hr_happy_5_edit.wav',1.523904155,0.180631288,10380.43972,0.001230756,5.97E-06,1.28E-07,10566.7628,12.9567482,17562.5,3.295419244,0.015634448,5888.030638,2
'hr_sad_2_edit.wav',1.437808097,0.162421398,10741.32138,0.000726398,2.64E-06,1.71E-07,10570.97168,25.83790149,17625.98723,4.439997075,0.005228713,6017.979477,4
'aish_anger_3_denoised.wav',1.337492972,0.247839472,8420.232245,0.001170133,4.57E-06,4.50E-06,10585.54512,23.88999968,16150.125,3.133956902,0.001622624,5751.301322,5
'hr_neutral_1_edit.wav',1.365257276,0.187241547,11922.23157,0.003421031,4.86E-05,8.47E-08,10589.74888,27.68055391,17941.25,4.661924985,0.034688665,6059.299796,3
'priyankaanger1_denoised.wav',2.014002703,0.504653394,11743.27685,0.011118794,0.00087477,9.51E-05,10614.22914,24.54367978,19827.5,7.727976042,0.03916104,6357.124199,5
'hr_sad_3_edit.wav',1.452379802,0.166312439,11318.76553,0.000818652,3.76E-06,3.63E-07,10624.18285,27.91170247,17711.875,4.549997578,0.006304731,6059.911472,4
'hr_neutral_5_edit.wav',1.385171804,0.195498184,12015.2819,0.003928693,4.94E-05,1.13E-07,10636.89529,27.86629833,18108.625,4.747796805,0.037054841,6077.40433,3
'gv_anger_2_edit.wav',1.488668297,0.164458274,11395.61877,0.001851278,1.18E-05,6.49E-08,10645.25459,15.44646359,18276.78879,3.492071497,0.033877869,6142.593902,1
'kangana_anger1_denoised.wav',1.626699843,0.39359276,9998.487252,0.004249813,0.000103784,2.12E-05,10647.75285,26.20412944,18697.5394,5.533123232,0.012944153,6096.364358,5
'kanganasad3_denoised.wav',1.600590223,0.331942919,9401.377508,0.001536726,1.18E-05,8.83E-06,10651.41688,31.17564489,17482.21609,4.95571453,0.003035169,5838.610112,8
'hr_neutral_6_edit.wav',1.392160271,0.200536476,12132.23027,0.003967042,5.31E-05,1.14E-07,10656.88392,30.45681491,18138.36704,4.756176688,0.0382946,6104.862669,3
'mad_neutral_1_denoised.wav',1.953983427,0.470055657,10767.4317,0.004212548,9.63E-05,3.04E-05,10666.51305,64.78967151,18168.48843,6.774794405,0.01752951,6277.639279,7
'kanganasad4_denoised.wav',1.623355662,0.349605384,9568.454469,0.001607161,1.35E-05,9.41E-06,10675.17202,32.86145081,17493.875,5.001320705,0.003049724,5881.988704,8
'gv_anger_3_edit.wav',1.527803651,0.164958766,11428.81625,0.001880709,1.26E-05,6.79E-08,10689.13993,16.17538013,18355.5,3.530691543,0.035050881,6178.728651,1
'happy_7_denoised_denoised.wav',2.030812129,0.411243117,10043.69236,0.002025247,2.31E-05,1.18E-05,10698.0459,39.62871759,18536.75,5.729806959,0.004466512,6045.970535,6
'hr_sad_5_edit.wav',1.46500868,0.168740163,11439.90629,0.000880667,3.83E-06,3.72E-07,10702.87043,28.37940382,18006.93691,4.569429669,0.007122767,6083.396358,4
'yamiangry4_denoised.wav',2.656801407,0.617857804,12838.97837,0.021833853,0.002258967,0.000227843,10709.83004,32.4988053,20693.85247,10.26699088,0.077118129,6575.999457,5
'happy_8_denoised_denoised.wav',2.073954285,0.4191882,10065.9335,0.002098249,2.93E-05,1.44E-05,10712.03654,40.62040814,18590.375,5.731351605,0.005235434,6100.316706,6
'gv_anger_4_edit.wav',1.534429616,0.167668215,11459.03062,0.001909443,1.38E-05,6.96E-08,10713.46143,16.58685889,18395.06589,3.543444955,0.037381181,6188.615984,1
'hr_neutral_7_edit.wav',1.397169381,0.202712385,12177.2954,0.004328998,6.01E-05,5.50E-07,10735.57058,30.47570051,18202.75,4.779606434,0.040777525,6146.035475,3
'hr_neutral_8_edit.wav',1.412389169,0.214907694,12183.65291,0.004957542,6.53E-05,9.05E-07,10742.40132,31.93372808,18241.25,4.896715744,0.041386184,6170.502225,3
'male_happy_10.wav',1.534356963,0.180631288,10535.38288,0.001361512,6.07E-06,1.65E-07,10748.13687,13.30510685,17696.17291,3.303275917,0.017229677,5888.030638,2
'male_happy_11.wav',1.550969006,0.180881103,11328.30946,0.001397475,6.19E-06,1.90E-07,10748.13687,14.78895396,17742.25,3.387715415,0.019582826,5905.091755,2
'happy_9_denoised_denoised.wav',2.088710812,0.419204468,10126.16746,0.002254006,3.37E-05,1.46E-05,10752.4747,44.9054827,18753.88212,5.891725876,0.005452985,6118.777468,6
'mad_neutral_2_denoised.wav',2.046861386,0.470942114,10887.31946,0.00430083,0.000106402,3.12E-05,10760.34257,67.5311869,18199.625,6.936997867,0.018529717,6318.277773,7
'hr_sad_6_edit.wav',1.482459244,0.178855305,11524.40488,0.00088515,4.91E-06,7.83E-07,10761.05419,28.71976355,18297.03335,4.606146813,0.008145373,6089.018405,4
'gv_anger_5_edit.wav',1.546122939,0.172823609,11750.90472,0.002026135,1.52E-05,8.31E-08,10764.06469,16.59710815,18428.61406,3.564885679,0.037491452,6243.684046,1
'male_happy_12.wav',1.563120213,0.185858472,11328.30946,0.001397475,6.63E-06,3.54E-07,10768.8613,18.6558134,18208.91827,3.693600743,0.022034083,5945.121453,2
'male_happy_13.wav',1.563120213,0.19135289,11365.83218,0.001473883,6.63E-06,3.54E-07,10787.27573,18.6558134,18208.91827,3.862879415,0.022034083,5945.121453,2
'male_happy_14.wav',1.59294914,0.19135289,11365.83218,0.001473883,8.84E-06,3.66E-07,10787.27573,20.54610455,18348.73706,3.862879415,0.022080389,5948.403928,2
'kare_sad_1_denoised.wav',1.643083634,0.354362457,9685.703948,0.001659458,1.39E-05,1.04E-05,10809.96282,34.1602786,17833.375,5.164547477,0.003067152,5883.416187,8
'hr_anger_2_edit.wav',1.546794226,0.179747205,12000.26317,0.002047345,2.21E-05,8.61E-08,10812.09962,17.07934144,18444.45458,3.617032926,0.038450423,6250.071983,1
'nawazsad1_denoised.wav',1.509231894,0.18086949,11936.94254,0.000965727,5.14E-06,1.00E-06,10815.06426,28.76842712,18348,4.637609978,0.009001332,6091.799963,4
'hr_anger_3_edit.wav',1.6034508,0.183448317,12101.60064,0.002759577,2.43E-05,8.78E-08,10816.21113,17.70379156,18533.40517,3.632522191,0.040933662,6253.874549,1
'nawazneu2_denoised.wav',1.558850448,0.234901256,12429.7805,0.005248609,8.55E-05,1.56E-06,10817.39989,32.8438244,18355.86953,4.906587033,0.041543854,6171.253272,3
'nawazsad4_denoised.wav',1.555887894,0.190988903,11937.84407,0.001122528,6.05E-06,1.14E-06,10818.3478,29.2462557,18418.20933,4.749051889,0.00908283,6092.582778,4
'nawazneu3_denoised.wav',1.564701662,0.255730973,12438.39019,0.005315221,0.00011451,1.92E-06,10818.93301,32.88970038,18419.5818,5.012805327,0.041548036,6195.916956,3
'mad_anger_4_denoised.wav',1.786825917,0.456044067,11571.42007,0.006178637,0.00031248,5.00E-05,10820.86631,32.55118867,19443.8276,6.769003221,0.023003842,6275.42717,5
'Kickangry2_denoised.wav',1.09244511,0.08382662,5209.555092,0.000642527,2.21E-06,0,10824.50444,33.73210715,13745.84344,2.634428525,3.11E-05,5585.733698,5
'Kickangry3_denoised.wav',1.148626548,0.116928933,5972.055774,0.000819212,2.80E-06,0,10824.50444,37.79556732,14636.67597,2.640554595,5.37E-05,5607.352261,5
'nawazneu4_denoised.wav',1.589191981,0.272226683,12450.1593,0.00559595,0.000120554,2.21E-06,10828.80274,33.09063358,18504,5.035032304,0.043083139,6232.937802,3
'pksad1.wav',1.585747506,0.214658511,11979.49307,0.001145237,6.54E-06,1.49E-06,10836.13997,30.02007347,18479.91296,4.757339979,0.016640379,6109.298906,4
'hr_anger_4_edit.wav',1.607541393,0.199355888,12103.91864,0.002796257,2.61E-05,1.09E-07,10836.82221,17.73183995,18670.625,3.713413238,0.041794225,6280.061143,1
'mad_neutral_3_denoised.wav',2.056088329,0.47353025,11134.69477,0.004753362,0.000119448,3.25E-05,10842.63966,76.79568228,18288.98787,6.95545314,0.018620705,6326.64599,7
'anger4.wav',1.468290844,0.328465805,9339.549832,0.002769814,1.76E-05,8.41E-06,10846.77495,37.92575367,17706.47753,3.739241231,0.004937403,5962.79127,5
'madhuriangri1.wav',2.013224066,0.496031323,11733.67335,0.010958531,0.000771583,6.38E-05,10860.04532,39.08722342,19753.93663,7.4655298,0.034752972,6321.712909,5
'male_happy_15.wav',1.59294914,0.196361344,12007.61562,0.001634723,9.30E-06,4.02E-07,10860.19825,20.87740794,18404.125,3.938789088,0.022080389,5956.790011,2
'kare_sad_2_denoised.wav',1.674619634,0.35517609,9726.446737,0.001791404,1.46E-05,1.15E-05,10872.73058,35.11518129,17858.875,5.184950941,0.003495548,5903.565839,8
'kajol_happy1_denoised.wav',2.114102342,0.419450464,10166.2328,0.002402004,3.46E-05,1.47E-05,10874.88704,45.90096361,18826.24949,5.937107211,0.005940862,6168.987951,6
'priyankaanger2_denoised.wav',2.031634592,0.515083734,12371.91555,0.011260647,0.000980083,0.000110208,10878.76497,40.66365612,20106.875,7.855392551,0.044151415,6376.293033,5
'kare_sad_3_denoised.wav',1.726523524,0.357633205,10003.94204,0.00201259,1.47E-05,1.17E-05,10881.29237,36.40118899,17885.44997,5.189890926,0.004426544,5915.051991,8
'mad_neutral_4_denoised.wav',2.07270023,0.474166278,11345.52053,0.005211302,0.00013504,3.51E-05,10886.44671,77.65652586,18570.16832,7.075968456,0.018934967,6337.245508,7
'mad_neutral_5_denoised.wav',2.084794863,0.47541486,11617.76507,0.005455754,0.000155603,3.82E-05,10886.78735,84.15461663,18663.09445,7.285843564,0.02105978,6339.051537,7
'kare_sad_4_denoised.wav',1.727980992,0.360431026,10341.15705,0.002154367,2.41E-05,1.25E-05,10903.20559,37.56990946,18549.5,5.206732956,0.005011345,5928.406917,8
'hr_anger_5_edit.wav',1.641135514,0.203403381,12108.48551,0.002948009,4.52E-05,1.18E-07,10910.84909,18.66406303,18701.375,3.824667967,0.042482209,6282.795435,1
'pksad2.wav',1.633348594,0.241867382,11980.78051,0.001278629,8.15E-06,1.64E-06,10914.97191,30.45005381,18678.125,4.855855692,0.017112221,6120.610133,4
'kare_sad_5_denoised.wav',1.760625562,0.362282046,10359.51469,0.002198174,2.67E-05,1.29E-05,10923.48071,38.34148253,18782.41415,5.27485401,0.006638707,5932.356529,8
'mad_sad_1_denoised.wav',1.765912199,0.367560595,10426.99171,0.002295661,3.09E-05,1.52E-05,10926.60281,40.57010962,18903.41667,5.356822218,0.008293089,5932.926812,8
'hr_anger_6_edit.wav',1.642471622,0.215890113,12109.65586,0.003016164,4.78E-05,1.66E-07,10932.15592,19.05583612,18705.94496,3.860460573,0.043305017,6295.173037,1
'nawazneu6_denoised.wav',1.652604799,0.281173144,12480.38488,0.00601115,0.000132207,2.24E-06,10933.28662,33.27744507,18561.00196,5.142567875,0.044339473,6256.323331,3
'pksad3.wav',1.638863141,0.250984629,12025.8808,0.001284085,1.01E-05,2.07E-06,10948.78701,33.28142883,18687.5,5.065956262,0.021133445,6137.86697,4
'kajol_happy2_denoised.wav',2.155209391,0.422319343,10192.38786,0.002533462,3.51E-05,1.49E-05,10949.16955,47.55214048,18883.14347,5.960276756,0.006731021,6199.074226,6
'nanaangry1.wav',1.682182963,0.292282644,12119.66831,0.003133154,4.85E-05,1.76E-07,10958.36522,21.09090304,18718.5,3.981211958,0.045252402,6331.663604,1
'neutral1.wav',2.132745379,0.480998774,11766.15598,0.005594309,0.000173114,3.87E-05,10961.80035,108.6696196,18691.31184,7.356000655,0.022232643,6345.749559,7
'ranveer_neu1_denoised.wav',1.668322131,0.302386097,12485.49242,0.006040313,0.000148013,2.76E-06,10982.10195,33.47737888,18624.15254,5.218335701,0.044718336,6282.151101,3
'ranveer_neu2_denoised.wav',1.693601773,0.316418185,12493.80292,0.006290433,0.000158129,5.76E-06,11036.22754,34.36805743,18625.15832,5.25986707,0.046948987,6282.532549,3
'Kickangry4_denoised.wav',1.192984407,0.118458252,6062.195781,0.000964323,3.07E-06,0,11036.60112,43.03495809,14644,2.959985433,0.000130224,5635.336554,5
'ranveer_neu3_denoised.wav',1.693754439,0.328424441,12497.55519,0.007818226,0.000233166,5.77E-06,11038.55863,37.14400336,18674.75133,5.273775035,0.059571283,6285.261168,3
'male_happy_16.wav',1.595523683,0.26185921,12007.61562,0.00179293,9.98E-06,4.02E-07,11042.33444,21.25116893,18500.64691,4.088756446,0.027195696,6014.71426,2
'ranveer_neu4_denoised.wav',1.724124611,0.345085581,12528.9405,0.008094408,0.000284508,7.30E-06,11043.08918,37.90311799,18908,5.309460012,0.060537417,6318.395278,3
'anger2.wav',1.445946842,0.305797359,8795.708469,0.002513505,1.25E-05,7.22E-06,11053.11289,43.54073099,17180.125,3.627029781,0.002818526,5938.280065,5
'male_happy_17.wav',1.746664751,0.26185921,12025.17506,0.002026705,1.01E-05,1.53E-06,11059.70201,21.73505955,18625.70425,4.097017855,0.028067508,6049.112066,2
'male_happy_18.wav',1.746664751,0.263521979,12072.68291,0.002098566,1.01E-05,1.99E-06,11059.70201,23.00253012,18716.34318,4.199933895,0.032608074,6049.112066,2
'ranveer_neu5_denoised.wav',1.743205646,0.35652084,12555.29737,0.008228345,0.000296127,7.75E-06,11065.57896,38.20074393,18981.88691,5.381145167,0.061260677,6327.888475,3
'neutral2.wav',2.141127424,0.484813911,12491.80411,0.005723434,0.000175033,4.59E-05,11067.08615,110.7448433,18705.5,8.325789785,0.023258651,6424.195457,7
'neutral3.wav',2.147171893,0.491730343,12553.56085,0.006203842,0.000193485,5.06E-05,11067.12117,120.1127491,18953.40798,8.547480051,0.02483894,6462.401082,7
'pksad4.wav',1.662885067,0.29262018,12049.82007,0.001315173,1.40E-05,3.23E-06,11069.10735,36.94518863,18727.1744,5.241959827,0.026347966,6151.697191,4
'neutral4.wav',2.305058121,0.502147827,12798.28533,0.006734051,0.000238719,5.28E-05,11069.62292,124.6988464,19029.13076,9.273741134,0.025183138,6499.999517,7
'neutral5.wav',2.365958544,0.503097723,13687.10069,0.006857037,0.000239671,6.81E-05,11073.89441,124.7587893,19134.72348,9.423301138,0.02530547,6519.249836,7
'male_happy_1_denoised_denoised.wav',1.82658549,0.278728725,12072.68291,0.002098566,1.01E-05,2.45E-06,11074.07539,23.02688035,18729.65851,4.297368506,0.033692781,6089.563836,2
'yamiangry2_denoised.wav',2.26080806,0.541428808,12403.67737,0.014879551,0.001100199,0.000191002,11081.29206,48.67467937,20634.75,9.812749934,0.050546576,6479.504424,5
'pksad6.wav',1.686402811,0.296729895,12059.20191,0.00132007,1.47E-05,5.11E-06,11086.34844,38.00436263,18731.25,5.269150848,0.027054832,6180.670774,4
'male_happy_2_denoised_denoised.wav',1.82658549,0.302613077,12153.11922,0.00218933,1.02E-05,2.45E-06,11086.5328,23.24510316,18831.67168,4.389059788,0.037015425,6133.495427,2
'nanaangry2.wav',1.693837681,0.300830356,12183.26706,0.003178695,4.98E-05,2.48E-07,11109.96324,23.19513896,18794.96752,4.021237702,0.045992935,6367.688021,1
'nanaangry3.wav',1.698834583,0.30221172,12200.6848,0.004093129,5.17E-05,3.43E-07,11133.67848,23.35064486,18833.25,4.168313703,0.050588269,6388.760055,1
'nanaangry4.wav',1.803957779,0.319490875,12224.97471,0.004513802,6.50E-05,4.15E-07,11135.04445,23.59430287,18835.95905,4.220021284,0.056015992,6401.679753,1
'ranveer_neu6_denoised.wav',1.754871789,0.360905401,12562.41825,0.008376218,0.000305504,8.68E-06,11149.56482,38.77362869,19007.15849,5.406059114,0.0635173,6346.294993,3
'kajol_happy3_denoised.wav',2.224452586,0.425513598,10217.15735,0.002541491,3.58E-05,1.56E-05,11155.78834,47.77793836,18958.02321,6.0046682,0.008192813,6208.759889,6
'aish_anger_2_denoised.wav',1.308664801,0.246962431,8159.537786,0.001122985,4.04E-06,3.53E-06,11156.55709,49.15221001,15960.125,3.075344626,0.000790632,5737.329726,5
'male_happy_3_denoised_denoised.wav',1.876652488,0.302613077,12161.63345,0.00218933,1.10E-05,3.27E-06,11159.46742,24.07908039,19009.75,4.389059788,0.041209679,6133.495427,2
'male_happy_4_denoised_denoised.wav',1.876652488,0.303356913,12161.63345,0.002634443,1.10E-05,3.34E-06,11159.77678,24.07908039,19039.32692,4.46456454,0.041209679,6152.717027,2
'kajol_happy4_denoised.wav',2.240133312,0.425683023,10241.1805,0.002592401,3.75E-05,1.63E-05,11167.27557,52.76505192,19124.20067,6.13436131,0.008639611,6213.777451,6
'kajol_happy5_denoised.wav',2.326921481,0.431506747,10436.28556,0.002615558,3.83E-05,1.92E-05,11182.02865,58.01769603,19175.16918,6.458424271,0.010252887,6242.96207,6
'pksad7.wav',1.690955139,0.332797814,12084.40046,0.001478692,1.56E-05,6.92E-06,11194.03624,38.52396682,18860.81648,5.302139892,0.027948986,6208.720169,4
'male_happy_5_denoised_denoised.wav',1.885647527,0.304009808,12414.84538,0.002761797,1.99E-05,3.34E-06,11199.57607,26.49391467,19039.32692,4.529722289,0.042421724,6204.222876,2
'ranveer_neu7_denoised.wav',1.810304013,0.362804244,12574.58852,0.0086086,0.000438141,1.40E-05,11201.34956,39.80645789,19121.57576,5.514734506,0.066176222,6356.047541,3
'salmanneu1_denoised.wav',1.830215095,0.403543768,12635.29421,0.008968143,0.000512241,1.42E-05,11225.66851,41.21097681,19208.125,5.530650224,0.07185236,6378.602687,3
'kangana_happy1_denoised.wav',2.369755676,0.438148183,10864.6611,0.002749564,3.84E-05,2.01E-05,11229.8245,59.02353762,19231.93123,6.494658583,0.011938012,6251.475698,6
'nanaangry5.wav',1.814308177,0.324841981,12258.02346,0.004548847,7.72E-05,4.98E-07,11231.70174,23.75120995,18903.75,4.31947346,0.057405875,6404.184277,1
'nanaangry6.wav',1.831551503,0.336509842,12352.96855,0.007612544,0.000162021,7.04E-07,11244.29119,23.78125875,19029.25,4.447500812,0.057785092,6441.499099,1
'pksad8.wav',1.71032051,0.351687297,12207.22635,0.001830834,1.64E-05,7.48E-06,11252.24842,41.82065446,18985,5.415403174,0.029774364,6215.466972,4
'nawazanger1_denoised.wav',1.86886993,0.341724217,12357.42348,0.007908496,0.000182769,1.63E-06,11255.68694,26.16112501,19186.625,4.454630446,0.069603772,6459.493494,1
'nawazanger2_denoised.wav',1.872139465,0.348366751,12461.41011,0.008975255,0.000184299,2.25E-06,11278.77755,26.17252133,19259,4.480743916,0.077702649,6467.313026,1
'male_happy_6.wav',1.890110879,0.306786309,12420.30919,0.002923703,2.66E-05,3.89E-06,11306.67941,26.49391467,19167.26956,4.60180727,0.042421724,6204.222876,2
'male_happy_7.wav',1.890110879,0.307699803,12517.2728,0.00335837,3.35E-05,3.89E-06,11306.67941,28.20148017,19167.26956,4.60180727,0.044592715,6250.051841,2
'pksad9.wav',1.738420268,0.352745982,12247.99017,0.001835572,1.89E-05,1.35E-05,11313.63147,43.87946647,19085.53681,5.667985222,0.031272275,6224.062709,4
'yamiangry3_denoised.wav',2.397217371,0.576667964,12439.06891,0.020699003,0.001454506,0.000216172,11316.02767,50.81515355,20641.94578,9.928277065,0.077118129,6515.127168,5
'nawazanger3_denoised.wav',1.87675171,0.350886802,12474.19475,0.009372017,0.000258643,2.89E-06,11323.36834,27.60642677,19369,4.527250195,0.079471692,6477.274915,1
'nawazanger4_denoised.wav',1.904256893,0.353019238,12547.7157,0.009891549,0.000314959,4.33E-06,11324.02457,31.68026574,19370.51558,4.527733259,0.086108273,6499.650421,1
'mad_sad_2_denoised.wav',1.79464941,0.369958706,10447.90155,0.002566213,3.62E-05,1.57E-05,11348.17958,41.02648566,18964,5.36201581,0.008707527,6028.692423,8
'ranveer_angry1_denoised.wav',1.920347863,0.360207476,12566.76548,0.011748968,0.0004672,6.04E-06,11349.69443,31.77916429,19413.77238,4.665022511,0.086919675,6500.702433,1
'aish_anger_5_denoised.wav',1.394524999,0.296495183,8665.339632,0.001481063,5.39E-06,5.51E-06,11380.41718,51.19179152,16922.86612,3.399448996,0.002271848,5823.832971,5
'priyankaneutral1_denoised.wav',2.530455841,0.512191155,13724.12348,0.006917686,0.000242647,8.53E-05,11385.80382,134.6917279,19191.375,9.482960809,0.026769094,6535.928795,7
'mad_sad_3_denoised.wav',1.816149939,0.374795315,10451.61904,0.002735335,3.80E-05,1.70E-05,11430.55268,41.45729914,19076.01394,5.749960546,0.009132247,6029.550293,8
'ranveer_angry2_denoised.wav',1.953463704,0.390191278,12584.30048,0.012017911,0.000503025,7.21E-06,11432.17845,32.05835434,19418.625,4.686488531,0.095841797,6507.189855,1
'mad_sad_4_denoised.wav',1.831635237,0.376968801,10740.08163,0.002818332,4.07E-05,1.71E-05,11434.98538,44.52515414,19093.06463,5.77346765,0.009773946,6034.114234,8
'mad_sad_5_denoised.wav',1.837047805,0.386066109,10764.75917,0.00322026,5.07E-05,1.72E-05,11440.04748,44.81152282,19426.93379,5.849082348,0.010649374,6145.746382,8
'ranveer_sad2_denoised.wav',1.765084507,0.357153379,12288.16837,0.001960588,2.11E-05,1.36E-05,11449.82852,51.08257957,19156.4249,6.134847445,0.038395693,6246.908897,4
'salmanneu2_denoised.wav',1.876629392,0.409340475,13337.35311,0.009752818,0.000529663,1.62E-05,11452.67484,44.57377233,19452.88627,5.570936802,0.083040636,6404.721816,3
'kare_anger_3_denoised.wav',1.707433693,0.446261122,11041.22677,0.004991095,0.000139409,3.48E-05,11497.6071,51.90464392,19343.79069,6.329246483,0.017590562,6250.891531,5
'male_happy_8.wav',1.998868705,0.318327298,12529.12146,0.003440191,3.79E-05,4.01E-06,11518.26959,30.52434518,19185.91263,4.730337527,0.046063412,6261.667958,2
'salmanneu3_denoised.wav',1.958340613,0.417097731,13456.16388,0.009971297,0.000671175,1.93E-05,11521.72648,46.72045282,19457.02918,5.74536343,0.091194645,6421.422845,3
'male_happy_9.wav',2.00574768,0.332954772,12556.46829,0.003440191,3.79E-05,4.24E-06,11537.27684,31.27968948,19185.91263,4.83014558,0.050293717,6297.285295,2
'salmanneu4_denoised.wav',1.963365829,0.419996894,13747.20522,0.013389639,0.000749362,2.07E-05,11546.37291,49.05130289,19605.59181,5.915325378,0.091946699,6424.94812,3
'salmanneu5_denoised.wav',1.975093599,0.428032913,13761.46858,0.01434483,0.000870151,2.17E-05,11556.2365,49.94361006,19765.18808,6.189886807,0.093328704,6437.893085,3
'priyankasad1_denoised.wav',1.856028498,0.39732433,10850.3974,0.00355322,5.41E-05,1.78E-05,11562.94162,46.09378216,19581.51333,5.91677851,0.010786084,6171.66064,8
'ranveer_sad3_denoised.wav',1.774081674,0.363735272,12367.34627,0.002009973,2.31E-05,1.39E-05,11573.97307,52.95950408,19257.5,6.334143883,0.039831393,6301.045605,4
'ranveer_sad4_denoised.wav',1.775530326,0.370437256,12448.11219,0.00207997,2.45E-05,1.78E-05,11580.42809,56.12542616,19389.88975,6.357985356,0.045021827,6383.00294,4
'kangana_happy2_denoised.wav',2.371062029,0.438774909,11057.1112,0.002974617,4.11E-05,2.26E-05,11587.35836,62.78760969,19252.88879,6.704485585,0.012481308,6301.321194,6
'ranveer_angry3_denoised.wav',1.97380437,0.390466513,12594.99766,0.013207187,0.000521715,8.39E-06,11596.82393,33.35423318,19508.57178,4.936208464,0.09607465,6515.427448,1
'kare_anger_1_denoised.wav',1.672789006,0.435651671,10489.13826,0.00469949,0.000113167,3.33E-05,11649.63914,55.09519516,19249.55547,5.900062855,0.016740939,6231.029907,5
'ranveer_sad_denoised.wav',1.831475243,0.372044398,12464.81336,0.002183251,3.06E-05,1.86E-05,11651.97452,56.7190154,19425.5,6.600454304,0.050504941,6425.47605,4
'priyankaneutral3_denoised.wav',3.094306419,0.522771576,13881.81523,0.009695262,0.000316588,0.000112064,11662.30705,158.7200281,19338.625,9.78983607,0.043728976,6681.948694,7
'kangana_happy3_denoised.wav',2.449087468,0.442133366,11099.94127,0.003003598,4.65E-05,2.44E-05,11696.81518,66.43243153,19614.34619,6.820088734,0.012484541,6319.979084,6
'priyankasad2_denoised.wav',1.85617132,0.399060506,10901.26043,0.003716143,7.70E-05,1.93E-05,11696.91185,48.7088395,19637.25,5.93565754,0.01147442,6190.376253,8
'deep_angry_1_denoised.wav',1.550469681,0.370266772,9753.317166,0.003423684,4.41E-05,1.29E-05,11703.39025,56.00959553,18275.86713,4.672928145,0.008943902,5984.471822,5
'kangana_happy4_denoised.wav',2.468715308,0.46530192,11450.06673,0.003317701,5.25E-05,2.46E-05,11708.95406,66.91561378,19764.54225,6.933514184,0.015919062,6369.8249,6
'shahneutral1_denoised.wav',1.99819212,0.433829778,13975.60262,0.016035956,0.001438216,2.89E-05,11719.54112,51.50938095,19942.53947,6.239407526,0.094595667,6473.923799,3
'shahneutral2_denoised.wav',2.093052485,0.468907036,13982.20984,0.018587526,0.001492266,3.78E-05,11720.51214,69.33431568,20012.14359,7.510188691,0.1048517,6486.002778,3
'saddo.wav',1.834707575,0.388613243,12587.56996,0.002383626,3.11E-05,2.27E-05,11730.52998,61.85404244,19562.58763,6.729531831,0.050990416,6435.902478,4
'anushka_anger2_denoised.wav',1.485220495,0.344595115,9458.304677,0.003116,3.10E-05,9.17E-06,11746.58475,58.13047872,18067.5522,4.109385769,0.006812264,5969.970858,5
'kangana_anger4_denoised.wav',1.656508116,0.398915171,10318.57187,0.004507549,0.00010928,2.30E-05,11761.09337,62.2327379,19112.17529,5.698221047,0.014894735,6131.89549,5
'priyankaneutral4_denoised.wav',3.764982397,0.539031718,14679.18067,0.010590806,0.000376217,0.000124299,11772.76021,159.8470593,20187,11.21341106,0.053895941,6864.622806,7
'nawazhappy1_denoised.wav',2.00574768,0.353205771,12556.46829,0.004109249,4.78E-05,4.34E-06,11776.47976,32.42266817,19226.85428,4.865690009,0.050293717,6300.695466,2
'nawazhappy2_denoised.wav',2.036576589,0.374288013,12608.11607,0.004810831,4.84E-05,5.34E-06,11776.47976,33.60980319,19226.85428,4.874997134,0.057935734,6313.319095,2
'saddo1.wav',1.879634949,0.39540102,12636.47313,0.003192384,3.77E-05,4.54E-05,11777.2349,68.17516381,19705.375,6.847985709,0.052944977,6461.779939,4
'kare_happy_1_denoised.wav',2.469455603,0.469093412,11544.88332,0.003364695,5.37E-05,3.02E-05,11777.46226,68.89391509,19773.4704,7.20684009,0.016742213,6393.11385,6
'salmanangry2_denoised.wav',1.97714957,0.414250233,12644.30156,0.014545937,0.000618177,1.60E-05,11856.59883,34.29507411,19536.52305,4.992061583,0.09626608,6517.220697,1
'kare_happy_2_denoised.wav',2.569018563,0.478793354,11546.2354,0.003565176,7.50E-05,3.84E-05,11861.9429,79.52284333,19926.25764,7.361122955,0.022814473,6399.374076,6
'priyankasad3_denoised.wav',1.940028861,0.401395231,11185.44126,0.004114072,9.85E-05,1.95E-05,11900.4509,51.53946189,19644.82618,6.018701321,0.011694125,6201.541376,8
'anger3.wav',1.453242656,0.319999379,9130.482699,0.002565662,1.25E-05,8.38E-06,11920.28109,63.7234903,17255.05544,3.732090399,0.003682079,5953.682668,5
'salmansad1_denoised.wav',1.894054461,0.402851745,12662.90861,0.003621319,4.34E-05,4.81E-05,12006.81232,74.80119432,19719.375,7.248820845,0.054907319,6496.281934,4
'salmanangry3_denoised.wav',1.988268184,0.456715193,12839.8601,0.017356542,0.00069292,1.76E-05,12032.37527,34.86651944,19871.25,4.999619843,0.103575263,6543.857135,1
'nawazhappy5_denoised.wav',2.036576589,0.396575916,12608.11607,0.005003364,8.28E-05,6.01E-06,12039.3087,44.1174499,19293.472,4.918069645,0.060716371,6314.513857,2
'nawazneu_denoised.wav',2.058370024,0.412911392,12614.50793,0.005003364,0.000102531,7.11E-06,12039.3087,47.24715872,19293.472,6.119605814,0.060716371,6314.899887,2
'priyankaneutral5_denoised.wav',7.698216417,0.550467202,14758.66465,0.011857455,0.000424626,0.000299322,12058.4122,237.6225607,20421.16501,13.02222144,0.055400132,7257.081572,7
'shahneutral3_denoised.wav',2.708831707,0.470675414,15102.40364,0.01972129,0.001520106,5.33E-05,12068.92353,93.46357208,20129,8.058044607,0.106590035,6581.903662,3
'shahang1_denoised.wav',1.993275999,0.458861927,12942.2103,0.017976336,0.000940787,5.85E-05,12075.52034,35.76836267,19958.04803,5.022596687,0.109521098,6550.582673,1
'kare_happy_3_denoised.wav',2.570519974,0.484150973,11690.97098,0.003962635,7.56E-05,4.69E-05,12079.8353,85.96894949,19936.80283,8.351506639,0.024041858,6490.711216,6
'shahang2_denoised.wav',2.092707217,0.497993751,13377.96549,0.018975499,0.001325344,5.86E-05,12086.17158,37.65676563,20368.38971,5.253215452,0.109969147,6558.413299,1
'deep_angry_2_denoised.wav',1.553206944,0.377508752,9753.317166,0.003912204,4.90E-05,1.39E-05,12090.26964,72.40218365,18368.96082,4.84894773,0.009092417,5995.697707,5
'priyankasad4_denoised.wav',1.965065751,0.409434149,11337.24767,0.006011187,0.000140093,2.00E-05,12116.64231,52.56120735,19649.75,6.331908634,0.012668502,6232.655096,8
'shahang3_denoised.wav',2.095671315,0.516495333,13936.51844,0.020317169,0.001658776,7.39E-05,12126.78488,38.98687896,20379.43468,5.300690334,0.13877198,6640.162747,1
'salmansad2_denoised.wav',2.010436579,0.403129778,12713.56455,0.004003425,7.70E-05,5.35E-05,12138.62027,90.86269922,19808.56681,8.04689439,0.056736667,6499.84442,4
'sad1.wav',2.0058716,0.410932515,11441.3753,0.006311337,0.000192817,2.02E-05,12140.13145,61.29483391,19751.75,6.516993637,0.013136545,6239.556506,8
'sad10.wav',2.020181792,0.412622407,11531.06749,0.006548008,0.000321599,2.08E-05,12140.73528,64.06770769,19770.21979,6.646254396,0.014943554,6291.808849,8
'kare_happy_4_denoised.wav',2.571363189,0.48653313,11737.32387,0.004206195,9.40E-05,5.24E-05,12145.46873,105.7232917,19972.84815,8.602563591,0.027854364,6508.345565,6
'shahang4_denoised.wav',2.099399728,0.520183483,14015.09127,0.022957383,0.001740404,0.000147087,12150.05436,89.67040604,20648.25,7.712817307,0.139358441,6668.509626,1
'shahneutral4_denoised.wav',5.112045601,0.496754871,15111.74697,0.022573082,0.001772055,5.35E-05,12187.33655,99.07511444,20135.5,8.293204202,0.114993604,6630.673857,3
'kare_happy_5_denoised.wav',2.581710598,0.492209515,11822.57675,0.005368275,0.000107804,6.49E-05,12196.592,119.0899993,20073.17748,9.616122213,0.037487456,6572.744581,6
'mad_anger_3_denoised.wav',1.778432484,0.449944136,11516.3122,0.005969938,0.000273795,4.80E-05,12222.65659,79.0806595,19420.375,6.611493458,0.018892751,6272.992029,5
'nawazsad_denoised.wav',2.058370024,0.42350123,12658.22611,0.005537791,0.000127557,7.60E-06,12271.2396,47.24715872,19334.56979,6.119605814,0.06441616,6317.794221,2
'ranveer_happy1_denoised.wav',2.074555571,0.423941452,12658.22611,0.006088516,0.000139137,8.98E-06,12271.2396,54.37737352,19334.56979,6.209204891,0.070625767,6317.794221,2
'salmansad3_denoised.wav',2.129791255,0.407150492,12720.49077,0.004578214,0.000126994,6.33E-05,12273.17866,92.87781396,20095.375,8.384012178,0.057370839,6535.056288,4
'salmansad4_denoised.wav',2.180136473,0.41219783,13203.12633,0.005220713,0.000143228,6.34E-05,12351.70607,102.2893516,20142.64879,8.532621951,0.060332438,6569.214396,4
'aish_anger_1_denoised.wav',1.282819835,0.207095686,8153.382541,0.001049122,3.37E-06,2.02E-06,12382.33989,86.09295662,15332.625,3.066355087,0.00062057,5699.911035,5
'sad11.wav',2.033826132,0.4305483,11563.69734,0.007613606,0.000390782,2.19E-05,12392.91437,65.81986901,20089.36655,6.772047515,0.017751005,6292.717959,8
'Kickangry1_denoised - Copy.wav',1.052501678,0.0646004,4955.160002,0.000304325,9.78E-07,0.000251677,12417.10739,98.7687096,13360.875,2.563977986,1.41E-06,4714.711892,5
'shahrestsad1.wav',2.208784789,0.432387047,13220.38477,0.005320363,0.00017773,7.23E-05,12455.60707,104.069558,20216.49739,8.650259029,0.063298636,6570.462157,4
'ranveer_happy2_denoised.wav',2.077074929,0.449334295,12666.96579,0.006506762,0.000187836,1.36E-05,12483.5018,60.33922072,19541.74896,6.369870655,0.070625767,6321.963088,2
'shahang5_denoised.wav',2.491109729,0.602084317,14031.50351,0.02551958,0.001884612,0.000209537,12500.92699,144.1004365,20817.5618,9.852029483,0.248141721,6701.205458,1
'priyankahappy1_denoised.wav',2.610722094,0.505309137,11868.28717,0.005976244,0.000133491,7.78E-05,12544.96323,129.2070492,20140.14499,9.628192434,0.038020282,6582.936949,6
'sad12.wav',2.065804987,0.452865581,11566.71641,0.00792036,0.000405009,2.39E-05,12578.10336,68.12748315,20102.39127,6.955975476,0.01829829,6299.877488,8
'ranveer_happy3_denoised.wav',2.100531465,0.449334295,12666.96579,0.00885101,0.000218698,2.25E-05,12589.60379,72.94208481,19631.14442,7.190704072,0.075325341,6371.120761,2
'ranveer_happy4_denoised.wav',2.203649193,0.451834601,12778.26987,0.00885101,0.000218698,2.53E-05,12589.60379,75.89754604,20310.25,7.323975705,0.07820836,6414.167748,2
'shahrestsad2.wav',2.335061788,0.459781436,13310.76924,0.00711035,0.000219205,8.61E-05,12589.90492,111.4322852,20339.88302,8.662070596,0.065247733,6612.980638,4
'shahrestsad3.wav',2.364661479,0.472745533,13513.80745,0.010284369,0.000459489,0.000154851,12609.13674,113.2303604,20534.625,9.207838388,0.071717557,6628.232457,4
'sad2.wav',2.468060552,0.472802666,11588.66032,0.008083822,0.00052074,2.67E-05,12632.50417,69.02863039,20478.125,7.317566835,0.019939366,6307.206904,8
'sad3.wav',2.54020123,0.483135899,12313.58791,0.009338647,0.000559776,2.78E-05,12633.99195,76.29813765,20534.75,7.531458696,0.020118439,6307.773282,8
'sad4.wav',2.619025917,0.486581589,12330.77929,0.009603152,0.000615921,9.79E-05,12648.94852,80.64001916,20623.375,7.736123724,0.020527342,6319.216225,8
'deep_angry_3_denoised.wav',1.556311539,0.379874374,9803.165944,0.003945209,7.13E-05,1.52E-05,12790.66131,107.7122241,18401.875,5.059764582,0.009787192,5995.745466,5
'shahsad1_denoised.wav',2.375460485,0.495839839,13567.26681,0.012332832,0.000572801,0.000165568,12818.97651,119.2612646,20574.125,9.64044529,0.072978237,6685.239837,4
'priyankahappy2_denoised.wav',2.800486401,0.51065405,12203.29548,0.006523138,0.000164637,8.14E-05,12859.97322,148.7466844,20163.625,9.832812636,0.042340267,6610.65856,6
'mad_anger_5_denoised.wav',1.818359754,0.467118586,11636.27515,0.007607005,0.000342394,5.09E-05,12870.67961,139.451352,19507.125,6.815287559,0.026430063,6301.689593,5
'salmanhappy1_denoised.wav',2.335999521,0.451834601,12778.26987,0.015674604,0.000424797,4.42E-05,12878.59435,76.01206966,20362.625,7.381940458,0.080258361,6442.849007,2
'sad5.wav',2.654824739,0.4959433,12896.56379,0.010067335,0.000657582,0.000100878,12899.22397,88.34292738,20648.75,7.943595701,0.02505144,6485.79846,8
'priyankahappy3_denoised.wav',2.813897144,0.544990242,12614.31351,0.006657413,0.000209958,0.000138903,12930.40328,185.9292353,20528.53493,11.16866303,0.042655082,6627.759731,6
'sad6.wav',2.68125972,0.53603486,13226.1233,0.010728009,0.000702747,0.000146563,13002.82937,95.92688252,20719.33526,8.28598143,0.051332926,6490.011401,8
'shahneutral5_denoised.wav',7.586291718,0.507051604,16141.08789,0.030087193,0.001894586,0.000314057,13115.80185,125.8498585,20137.375,9.372199531,0.127747123,6737.076515,3
'mad_anger_7_denoised.wav',1.969673635,0.489388866,11725.72795,0.009766578,0.000693162,6.09E-05,13168.66106,159.3634166,19704.375,7.390751418,0.030280834,6315.304943,5
'salmanhappy2_denoised.wav',2.412372127,0.454967569,12904.04176,0.016259024,0.001081966,5.43E-05,13205.52751,83.96141918,20424,7.698148413,0.080258361,6450.347795,2
'anushka_anger3_denoised.wav',1.517685112,0.352132428,9483.419027,0.00328497,3.43E-05,9.26E-06,13220.02968,161.8298729,18083.75,4.395165441,0.006836352,5975.572421,5
'shahhappy2_denoised.wav',2.412372127,0.455300299,12950.34907,0.017608244,0.001198015,0.0001063,13250.81829,83.96141918,20641.75,7.698148413,0.129585566,6465.080361,2
'shahsad2_denoised.wav',2.686935654,0.569852974,13725.87581,0.013943715,0.000787206,0.00017245,13268.9749,135.4333532,21160.125,9.647088541,0.079562286,6692.641606,4
'shahsad3_denoised.wav',2.821154007,0.603576593,14061.3866,0.018037429,0.001099082,0.000198574,13354.40388,151.5897491,21316.625,9.9567644,0.085519835,6710.938259,4
'priyankahappy4_denoised.wav',2.895472257,0.547103222,13253.54844,0.008479554,0.000522251,0.000160492,13373.23304,279.0951803,20608.875,12.92027693,0.04682103,6685.622887,6
'sad7.wav',2.86380154,0.536943271,13583.51433,0.014077294,0.000774467,0.000152185,13638.4551,109.6892345,20883.125,8.626413738,0.058874435,6538.154675,8
'deep_angry_6_denoised.wav',1.577703739,0.392095012,9858.581416,0.004032594,9.32E-05,1.98E-05,13847.86529,165.88108,18417.75,5.305860758,0.011213656,6074.404313,5
'shahhappy3_denoised.wav',2.571450775,0.470023893,14224.31931,0.018112992,0.001322835,0.000293501,13864.33172,127.7468088,20762,8.678325768,0.129585566,6477.271733,2
'priyankahappy5_denoised.wav',2.918149555,0.639024088,14152.41003,0.012584376,0.000823512,0.000212896,13943.50216,557.8467153,20747.3379,18.65619785,0.05977776,6709.922945,6
'shahhappy5_denoised.wav',2.571450775,0.492016934,14753.74833,0.024913848,0.001568614,0.000386002,13976.93719,189.4331863,21024.375,12.11914712,0.210930556,6477.271733,2
'sad8.wav',7.734836355,0.542515144,13858.11111,0.014548023,0.000775887,0.000254973,14052.23598,134.2161363,21364.25,8.996798405,0.060301933,6735.291852,8
'shahsad4_denoised.wav',4.206568315,0.613903967,14185.60288,0.029736129,0.00310477,0.000200475,14092.80025,308.961392,21476.25,15.41691017,0.089799696,6797.055139,4
'sad9.wav',8.332331383,0.611198128,14052.86224,0.015644847,0.000825254,0.000304619,14856.28437,293.8134426,21437.57199,13.47022224,0.062990979,6877.860764,8
